name,char,text,fx,frames,seconds,loops
ハロ〜,wave,wave,sparkles,20,1,3
トリックオアトリート,hop,pop,confetti,20,1,3
おかしくれ,rock,jump,twinkle,20,1,3
かぼちゃです,rise,slam,none,20,1,3
ばあ,punch,slam,shock,20,1,3
おばけだぞ,float,sway,none,20,2,2
にやり,pop,shake,sparkles,20,1,3
いたずら中,sway,wave,speed,20,1,3
ひゅ〜,float,slide,none,20,2,2
おかしたいむ,heartbeat,pop,hearts,20,1,3
魔女っぽい,spin_in,slam,sparkles,20,1,3
こわくない,angry,shake,none,20,1,3
ふふふ,rise,wave,twinkle,20,1,3
どや,punch,slam,burst,20,1,3
キャンディどうぞ,bow,pop,sparkles,20,1,3
仮装した,pop,jump,twinkle,20,1,3
つれてって,sway,slide,none,20,2,2
よるだね,float,sway,twinkle,20,2,2
びっくり,jump,shake,shock,20,1,3
ハッピーハロウィン,spin_jump,slam,confetti,20,1,3
